area_sqft,bedrooms,bathrooms,age,price
1560,3,1,15,5722000
1994,4,3,24,8546000
1830,3,3,7,10741000
1795,3,2,12,7804000
2338,3,2,20,8123000
2869,6,5,0,18622000
1166,2,1,15,4738000
1938,3,2,28,7150000
1030,3,2,6,6951000
2182,3,1,30,6160000
2835,6,4,4,16836000
830,2,2,21,3114000
2385,4,3,28,9504000
1469,3,1,22,3942000
3091,6,4,2,17050000
2215,5,3,11,11274000
3133,6,4,25,14063000
1915,4,3,15,10748000
1655,5,3,18,10550000
3024,5,4,4,16768000
1884,3,2,21,6547000
1159,2,1,24,2500000
721,1,1,28,2500000
3000,6,4,13,17198000
1447,3,2,27,3834000
1174,2,1,4,6743000
1782,3,3,14,8302000
3258,5,4,16,16592000
2747,4,4,29,10551000
3447,6,4,13,17373000
1675,3,1,29,5764000
2506,4,3,19,12010000
889,2,1,4,3279000
3434,6,4,11,17837000
1262,2,1,15,5301000
2599,5,3,25,10120000
1967,5,3,25,9678000
2228,4,3,15,11398000
1346,2,1,20,2982000
2768,6,4,6,16800000
2914,5,4,3,15078000
1997,3,2,0,12683000
3135,6,3,29,12974000
1300,2,1,29,2553000
3063,4,3,4,16253000
2761,5,3,22,13526000
941,1,1,25,2500000
2741,5,4,9,15457000
3312,6,4,21,16515000
2063,4,2,4,12286000
2839,5,4,3,17735000
2090,2,1,1,9205000
2178,3,2,19,7705000
3256,6,4,30,15420000
1475,3,1,9,5109000
734,1,1,25,2500000
2953,5,4,18,14123000
2655,4,2,25,9788000
2285,4,3,0,13083000
1721,3,2,23,5940000
3313,6,4,4,20220000
1829,3,2,12,9035000
2200,4,3,3,13303000
1402,2,1,15,4787000
3149,5,4,23,12880000
3477,6,4,15,16910000
2279,4,3,22,9408000
861,2,1,1,5745000
901,2,1,16,2836000
2681,4,2,27,10409000
1695,3,2,26,5779000
3017,6,3,19,14688000
1515,2,1,23,5711000
1155,3,2,11,6528000
1975,5,2,17,9364000
1716,4,3,2,13020000
3043,5,3,27,13471000
3467,6,4,0,21969000
1037,2,1,0,6030000
1578,4,2,28,6362000
1776,4,3,18,7368000
1491,3,2,10,8224000
2964,5,4,4,16812000
1463,2,1,11,4421000
2935,6,5,2,19742000
1079,1,2,0,4447000
1192,3,3,0,7251000
1880,3,2,7,9746000
2762,5,3,9,15161000
764,1,1,10,3347000
3268,6,4,11,18326000
2067,3,2,28,7623000
1852,3,2,12,9052000
2727,5,2,11,13345000
3395,6,4,30,14616000
2195,4,3,13,10789000
1862,4,2,1,11603000
2222,6,4,28,9949000
3340,6,4,18,16957000
1091,2,1,17,3181000
